<modification>
   <name><![CDATA[<font color="#0000"><b>Coupon popup</font>]]></name>
   <code>Couponpop</code>
    <version><![CDATA[<b>2.0</b>]]></version>
    <author><![CDATA[<font color="#CC0000"><b>Storeya</font>]]></author>
    <file path="catalog/controller/common/footer.php">	 	
<operation error="skip">
			<search><![CDATA[
	          $data['newsletter'] = $this->url->link('account/newsletter', '', 'SSL'); 	
			]]></search>
			<add position="after"><![CDATA[
            $data['couponpop'] = html_entity_decode($this->config->get('couponpop'));
			]]></add>   
</operation>
</file>
<file path="catalog/view/theme/*/template/common/footer.tpl">	 	
<operation error="skip">
			<search><![CDATA[
	        <div class="container">
			]]></search>
			<add position="after"><![CDATA[
		      <?php echo $couponpop; ?>
			]]></add>   
</operation>
</file>	
</modification>
